Nome do filme, Nota 1, Nota 2, Nota 3, Nota 4, Nota 5, Nota 6, Nota 7, Nota 8, Nota 9, Nota 10, Nota 11, Nota 12, Nota 13, Nota 14, Nota 15, Nota 16, Nota 17, Nota 18, Nota 19, Nota 20, Nota 21, Nota 22, Nota 23, Nota 24, Nota 25, Nota 26, Nota 27, Nota 28, Nota 29, Nota 30, Nota 31, Nota 32, Nota 33, Nota 34, Nota 35, Nota 36, Nota 37, Nota 38, Nota 39, Nota 40, Nota 41, Nota 42, Nota 43, Nota 44, Nota 45, Nota 46, Nota 47, Nota 48, Nota 49, Nota 50, Nota 51, Nota 52, Nota 53, Nota 54, Nota 55, Nota 56, Nota 57, Nota 58, Nota 59, Nota 60, Nota 61, Nota 62, Nota 63, Nota 64, Nota 65, Nota 66, Nota 67, Nota 68, Nota 69, Nota 70, Nota 71, Nota 72, Nota 73, Nota 74, Nota 75, Nota 76, Nota 77, Nota 78, Nota 79, Nota 80, Nota 81, Nota 82, Nota 83, Nota 84, Nota 85, Nota 86, Nota 87, Nota 88, Nota 89, Nota 90, Nota 91, Nota 92, Nota 93, Nota 94, Nota 95, Nota 96, Nota 97, Nota 98, Nota 99, Nota 100, Nota 101, Nota 102, Nota 103, Nota 104, Nota 105, Nota 106, Nota 107, Nota 108, Nota 109, Nota 110, Nota 111, Nota 112, Nota 113, Nota 114, Nota 115, Nota 116, Nota 117, Nota 118, Nota 119, Nota 120, Nota 121, Nota 122, Nota 123, Nota 124, Nota 125, Nota 126, Nota 127, Nota 128, Nota 129, Nota 130, Nota 131, Nota 132, Nota 133, Nota 134, Nota 135, Nota 136, Nota 137, Nota 138, Nota 139, Nota 140, Nota 141, Nota 142, Nota 143, Nota 144, Nota 145, Nota 146, Nota 147, Nota 148, Nota 149, Nota 150, Nota 151, Nota 152, Nota 153, Nota 154, Nota 155, Nota 156, Nota 157, Nota 158, Nota 159, Nota 160, Nota 161, Nota 162, Nota 163, Nota 164, Nota 165, Nota 166, Nota 167, Nota 168, Nota 169, Nota 170, Nota 171, Nota 172, Nota 173, Nota 174, Nota 175, Nota 176, Nota 177, Nota 178, Nota 179, Nota 180, Nota 181, Nota 182, Nota 183, Nota 184, Nota 185, Nota 186, Nota 187, Nota 188, Nota 189, Nota 190, Nota 191, Nota 192, Nota 193, Nota 194, Nota 195, Nota 196, Nota 197, Nota 198, Nota 199, Nota 200, Nota 201, Nota 202, Nota 203, Nota 204, Nota 205, Nota 206, Nota 207, Nota 208, Nota 209, Nota 210, Nota 211, Nota 212, Nota 213, Nota 214, Nota 215, Nota 216, Nota 217, Nota 218, Nota 219, Nota 220, Nota 221, Nota 222, Nota 223, Nota 224, Nota 225, Nota 226, Nota 227, Nota 228, Nota 229, Nota 230, Nota 231, Nota 232, Nota 233, Nota 234, Nota 235, Nota 236, Nota 237, Nota 238, Nota 239, Nota 240, Nota 241, Nota 242, Nota 243, Nota 244, Nota 245, Nota 246, Nota 247, Nota 248, Nota 249, Nota 250, Nota 251, Nota 252, Nota 253, Nota 254, Nota 255, Nota 256, Nota 257, Nota 258, Nota 259, Nota 260, Nota 261, Nota 262, Nota 263, Nota 264, Nota 265, Nota 266, Nota 267, Nota 268, Nota 269, Nota 270, Nota 271, Nota 272, Nota 273, Nota 274, Nota 275, Nota 276, Nota 277, Nota 278, Nota 279, Nota 280, Nota 281, Nota 282, Nota 283, Nota 284, Nota 285, Nota 286, Nota 287, Nota 288, Nota 289, Nota 290, Nota 291, Nota 292, Nota 293, Nota 294, Nota 295, Nota 296, Nota 297, Nota 298, Nota 299, Nota 300, Nota 301, Nota 302, Nota 303, Nota 304, Nota 305, Nota 306, Nota 307, Nota 308, Nota 309, Nota 310, Nota 311, Nota 312, Nota 313, Nota 314, Nota 315, Nota 316, Nota 317, Nota 318, Nota 319, Nota 320, Nota 321, Nota 322, Nota 323, Nota 324, Nota 325, Nota 326, Nota 327, Nota 328, Nota 329, Nota 330, Nota 331, Nota 332, Nota 333, Nota 334, Nota 335, Nota 336, Nota 337, Nota 338, Nota 339, Nota 340, Nota 341, Nota 342, Nota 343, Nota 344, Nota 345, Nota 346, Nota 347, Nota 348, Nota 349, Nota 350, Nota 351, Nota 352, Nota 353, Nota 354, Nota 355, Nota 356, Nota 357, Nota 358, Nota 359, Nota 360, Nota 361, Nota 362, Nota 363, Nota 364, Nota 365, Nota 366, Nota 367, Nota 368, Nota 369, Nota 370, Nota 371, Nota 372, Nota 373, Nota 374, Nota 375, Nota 376, Nota 377, Nota 378, Nota 379, Nota 380, Nota 381, Nota 382, Nota 383, Nota 384, Nota 385, Nota 386, Nota 387, Nota 388, Nota 389, Nota 390, Nota 391, Nota 392, Nota 393, Nota 394, Nota 395, Nota 396, Nota 397, Nota 398, Nota 399, Nota 400, Nota 401, Nota 402, Nota 403, Nota 404, Nota 405, Nota 406, Nota 407, Nota 408, Nota 409, Nota 410, Nota 411, Nota 412, Nota 413, Nota 414, Nota 415, Nota 416, Nota 417, Nota 418, Nota 419, Nota 420, Nota 421, Nota 422, Nota 423, Nota 424, Nota 425, Nota 426, Nota 427, Nota 428, Nota 429, Nota 430, Nota 431, Nota 432, Nota 433, Nota 434, Nota 435, Nota 436, Nota 437, Nota 438, Nota 439, Nota 440, Nota 441, Nota 442, Nota 443, Nota 444, Nota 445, Nota 446, Nota 447, Nota 448, Nota 449, Nota 450, Nota 451, Nota 452, Nota 453, Nota 454, Nota 455, Nota 456, Nota 457, Nota 458, Nota 459, Nota 460, Nota 461, Nota 462, Nota 463, Nota 464, Nota 465, Nota 466, Nota 467, Nota 468, Nota 469, Nota 470, Nota 471, Nota 472, Nota 473, Nota 474, Nota 475, Nota 476, Nota 477, Nota 478, Nota 479, Nota 480, Nota 481, Nota 482, Nota 483, Nota 484, Nota 485, Nota 486, Nota 487, Nota 488, Nota 489, Nota 490, Nota 491, Nota 492, Nota 493, Nota 494, Nota 495, Nota 496, Nota 497, Nota 498, Nota 499, Nota 500, Nota 501, Nota 502, Nota 503, Nota 504, Nota 505, Nota 506, Nota 507, Nota 508, Nota 509, Nota 510, Nota 511, Nota 512, Nota 513, Nota 514, Nota 515, Nota 516, Nota 517, Nota 518, Nota 519, Nota 520, Nota 521, Nota 522, Nota 523, Nota 524, Nota 525, Nota 526, Nota 527, Nota 528, Nota 529, Nota 530, Nota 531, Nota 532, Nota 533, Nota 534, Nota 535, Nota 536, Nota 537, Nota 538, Nota 539, Nota 540, Nota 541, Nota 542, Nota 543, Nota 544, Nota 545, Nota 546, Nota 547, Nota 548, Nota 549, Nota 550, Nota 551, Nota 552, Nota 553, Nota 554, Nota 555, Nota 556, Nota 557, Nota 558, Nota 559, Nota 560, Nota 561, Nota 562, Nota 563, Nota 564, Nota 565, Nota 566, Nota 567, Nota 568, Nota 569, Nota 570, Nota 571, Nota 572, Nota 573, Nota 574, Nota 575, Nota 576, Nota 577, Nota 578, Nota 579, Nota 580, Nota 581, Nota 582, Nota 583, Nota 584, Nota 585, Nota 586, Nota 587, Nota 588, Nota 589, Nota 590, Nota 591, Nota 592, Nota 593, Nota 594, Nota 595, Nota 596, Nota 597, Nota 598, Nota 599, Nota 600, Nota 601, Nota 602, Nota 603, Nota 604, Nota 605, Nota 606, Nota 607, Nota 608, Nota 609, Nota 610, Nota 611, Nota 612, Nota 613, Nota 614, Nota 615, Nota 616, Nota 617, Nota 618, Nota 619, Nota 620, Nota 621, Nota 622, Nota 623, Nota 624, Nota 625, Nota 626, Nota 627, Nota 628, Nota 629, Nota 630, Nota 631, Nota 632, Nota 633, Nota 634, Nota 635, Nota 636, Nota 637, Nota 638, Nota 639, Nota 640, Nota 641, Nota 642, Nota 643, Nota 644, Nota 645, Nota 646, Nota 647, Nota 648, Nota 649, Nota 650, Nota 651, Nota 652, Nota 653, Nota 654, Nota 655, Nota 656, Nota 657, Nota 658, Nota 659, Nota 660, Nota 661, Nota 662, Nota 663, Nota 664, Nota 665, Nota 666, Nota 667, Nota 668, Nota 669, Nota 670, Nota 671, Nota 672, Nota 673, Nota 674, Nota 675, Nota 676, Nota 677, Nota 678, Nota 679, Nota 680, Nota 681, Nota 682, Nota 683, Nota 684, Nota 685, Nota 686, Nota 687, Nota 688, Nota 689, Nota 690, Nota 691, Nota 692, Nota 693, Nota 694, Nota 695, Nota 696, Nota 697, Nota 698, Nota 699, Nota 700, Nota 701, Nota 702, Nota 703, Nota 704, Nota 705, Nota 706, Nota 707, Nota 708, Nota 709, Nota 710, Nota 711, Nota 712, Nota 713, Nota 714, Nota 715, Nota 716, Nota 717, Nota 718, Nota 719, Nota 720, Nota 721, Nota 722, Nota 723, Nota 724, Nota 725, Nota 726, Nota 727, Nota 728, Nota 729, Nota 730, Nota 731, Nota 732, Nota 733, Nota 734, Nota 735, Nota 736, Nota 737, Nota 738, Nota 739, Nota 740, Nota 741, Nota 742, Nota 743, Nota 744, Nota 745, Nota 746, Nota 747, Nota 748, Nota 749, Nota 750, Nota 751, Nota 752, Nota 753, Nota 754, Nota 755, Nota 756, Nota 757, Nota 758, Nota 759, Nota 760, Nota 761, Nota 762, Nota 763, Nota 764, Nota 765, Nota 766, Nota 767, Nota 768, Nota 769, Nota 770, Nota 771, Nota 772, Nota 773, Nota 774, Nota 775, Nota 776, Nota 777, Nota 778, Nota 779, Nota 780, Nota 781, Nota 782, Nota 783, Nota 784, Nota 785, Nota 786, Nota 787, Nota 788, Nota 789, Nota 790, Nota 791, Nota 792, Nota 793, Nota 794, Nota 795, Nota 796, Nota 797, Nota 798, Nota 799, Nota 800, Nota 801, Nota 802, Nota 803, Nota 804, Nota 805, Nota 806, Nota 807, Nota 808, Nota 809, Nota 810, Nota 811, Nota 812, Nota 813, Nota 814, Nota 815, Nota 816, Nota 817, Nota 818, Nota 819, Nota 820, Nota 821, Nota 822, Nota 823, Nota 824, Nota 825, Nota 826, Nota 827, Nota 828, Nota 829, Nota 830, Nota 831, Nota 832, Nota 833, Nota 834, Nota 835, Nota 836, Nota 837, Nota 838, Nota 839, Nota 840, Nota 841, Nota 842, Nota 843, Nota 844, Nota 845, Nota 846, Nota 847, Nota 848, Nota 849, Nota 850, Nota 851, Nota 852, Nota 853, Nota 854, Nota 855, Nota 856, Nota 857, Nota 858, Nota 859, Nota 860, Nota 861, Nota 862, Nota 863, Nota 864, Nota 865, Nota 866, Nota 867, Nota 868, Nota 869, Nota 870, Nota 871, Nota 872, Nota 873, Nota 874, Nota 875, Nota 876, Nota 877, Nota 878, Nota 879, Nota 880, Nota 881, Nota 882, Nota 883, Nota 884, Nota 885, Nota 886, Nota 887, Nota 888, Nota 889, Nota 890, Nota 891, Nota 892, Nota 893, Nota 894, Nota 895, Nota 896, Nota 897, Nota 898, Nota 899, Nota 900, Nota 901, Nota 902, Nota 903, Nota 904, Nota 905, Nota 906, Nota 907, Nota 908, Nota 909, Nota 910, Nota 911, Nota 912, Nota 913, Nota 914, Nota 915, Nota 916, Nota 917, Nota 918, Nota 919, Nota 920, Nota 921, Nota 922, Nota 923, Nota 924, Nota 925, Nota 926, Nota 927, Nota 928, Nota 929, Nota 930, Nota 931, Nota 932, Nota 933, Nota 934, Nota 935, Nota 936, Nota 937, Nota 938, Nota 939, Nota 940, Nota 941, Nota 942, Nota 943
1|Toy Story (1995),5,4,?,?,4,4,?,?,?,4,?,?,3,?,1,5,4,5,?,3,5,?,5,?,5,3,?,?,?,?,?,?,?,?,?,?,?,5,?,?,4,5,5,4,5,?,?,?,2,?,?,?,?,4,?,4,5,5,2,?,?,2,3,4,3,3,3,?,?,4,?,4,2,?,4,?,5,?,4,?,4,4,4,2,?,?,?,?,5,?,?,4,5,4,5,5,4,?,4,?,3,3,?,?,?,4,?,4,4,?,?,?,?,?,?,?,4,?,?,4,4,?,?,3,4,?,?,4,?,5,4,?,?,5,?,?,3,4,?,?,3,?,?,4,3,?,?,4,?,4,5,?,?,?,?,?,5,4,?,4,?,4,?,?,?,?,?,5,?,?,?,?,?,3,?,?,3,4,?,?,3,4,?,4,?,?,?,?,5,?,?,?,4,4,?,?,?,4,1,5,3,3,3,2,?,?,?,?,5,5,?,?,2,?,?,4,?,?,?,?,?,4,4,?,?,?,?,?,?,5,3,4,?,3,4,?,?,?,?,?,?,4,4,4,?,4,4,3,4,4,4,5,5,3,?,5,?,?,?,?,?,3,5,?,5,?,?,3,?,?,3,?,?,4,4,5,4,?,3,4,?,?,?,?,?,4,5,?,3,5,5,4,2,5,4,5,3,5,3,?,4,?,5,?,5,?,5,4,?,?,4,5,4,5,?,?,?,?,?,3,?,2,?,5,2,3,4,?,?,5,1,4,?,?,?,3,?,3,5,5,?,?,5,3,3,?,4,4,?,4,?,?,?,?,?,?,5,?,4,3,?,?,2,?,4,?,?,?,?,?,4,?,?,4,?,?,?,4,4,4,5,?,?,?,?,?,4,5,4,5,?,?,3,4,5,4,?,5,4,?,2,5,4,?,?,4,4,?,?,?,4,4,?,?,?,5,4,?,4,?,?,3,?,1,2,?,?,?,3,?,?,2,?,4,5,?,?,4,?,?,5,?,?,?,3,?,3,?,?,4,?,?,?,3,4,2,4,4,4,2,?,?,1,?,4,?,4,5,?,3,4,5,?,?,?,?,?,4,5,?,?,?,4,5,?,4,5,3,?,3,?,?,3,3,4,?,4,?,?,4,?,?,5,?,3,?,?,5,?,?,?,4,?,5,?,?,3,4,?,?,2,?,5,?,4,5,?,?,?,?,?,5,4,5,3,5,2,?,?,3,4,4,?,?,5,?,?,4,5,3,?,3,3,3,?,?,?,?,?,4,2,2,?,?,?,?,3,?,4,?,?,?,?,?,?,4,5,?,4,3,?,4,?,?,?,?,?,4,?,?,?,4,3,?,?,?,3,?,4,?,?,4,?,?,4,5,?,?,1,4,?,4,4,5,?,?,?,4,?,5,3,3,?,4,?,?,?,?,?,4,?,3,?,3,4,3,4,?,?,?,?,5,5,?,?,?,?,5,5,3,?,?,4,4,2,?,3,4,?,3,5,?,4,4,4,?,?,?,5,?,?,?,?,4,?,5,4,5,3,4,?,4,?,4,?,?,?,?,3,4,5,4,?,?,?,?,5,4,3,?,4,?,4,?,5,4,?,5,4,4,?,?,?,3,5,5,?,?,?,?,5,?,3,?,?,4,3,?,?,4,2,?,2,?,4,?,?,5,?,?,?,4,?,4,2,4,5,4,4,?,3,?,?,?,?,4,4,?,5,?,1,?,4,4,?,?,5,5,4,5,5,?,3,?,?,?,4,?,4,?,?,?,?,?,4,4,?,3,3,3,?,4,4,4,4,2,?,4,?,4,?,?,?,5,4,4,4,?,?,?,?,?,?,?,5,?,4,?,?,?,5,4,4,?,?,4,?,?,4,4,4,?,?,?,3,?,?,5,4,?,?,?,3,?,?,?,3,?,?,?,?,4,?,3,?,?,?,?,?,?,?,?,?,5,1,?,4,4,?,5,?,3,?,?,?,?,?,?,4,4,4,5,3,?,5,4,5,?,3,4,?,5,5,4,4,4,5,?,3,?,5,5,3,?,?,?,5,?,?,4,?,?,2,?,?,4,3,3,4,?,3,5,3,5,?,?,5,?,3,3,?,4,3,2,3,4,?,4,?,?,5,?,?
50|Star Wars (1977),5,5,?,5,4,4,5,5,5,5,?,4,5,5,5,?,?,4,?,3,3,5,4,?,5,4,3,4,?,3,?,4,?,?,?,?,5,?,?,?,5,5,4,5,5,4,?,4,1,?,5,?,4,5,4,5,5,4,5,5,?,5,4,5,5,5,?,5,5,4,3,2,?,?,?,?,4,?,4,3,?,5,3,?,5,?,5,?,5,?,5,5,?,5,5,5,5,?,5,?,4,4,5,5,?,?,?,4,5,?,?,?,5,?,5,3,5,?,5,4,5,?,3,3,5,?,4,4,?,5,?,3,?,?,?,?,5,?,?,?,4,?,?,5,5,?,?,5,?,5,5,?,1,5,?,?,4,4,?,4,2,5,?,?,?,?,?,?,5,?,?,?,?,4,5,5,5,5,?,?,?,5,2,4,4,?,?,4,5,?,?,4,?,3,?,?,5,5,?,5,4,?,5,?,?,?,?,?,5,5,?,?,5,3,5,4,1,?,?,?,4,4,?,?,?,?,4,?,?,5,4,4,3,4,5,3,?,?,5,?,?,?,?,5,4,5,5,5,4,5,5,?,4,5,?,4,5,?,?,?,?,2,5,?,2,?,5,5,3,5,5,4,?,5,4,5,3,?,3,3,?,?,5,?,?,4,5,4,?,5,5,4,5,5,5,5,5,5,4,?,5,?,5,?,5,?,5,5,?,5,5,5,5,?,?,1,?,2,?,4,4,5,5,5,5,5,3,4,4,5,?,5,?,5,?,4,5,?,4,4,?,?,5,5,5,5,5,?,?,5,?,5,?,4,?,?,?,?,5,4,5,?,5,?,?,?,5,4,5,4,4,?,5,3,?,?,?,4,4,4,5,1,?,?,1,4,5,?,5,?,4,5,5,5,5,?,5,5,3,?,1,4,5,?,5,5,4,?,5,?,5,?,5,?,?,5,3,?,5,?,5,4,?,3,5,4,?,?,5,4,?,5,5,?,5,4,5,5,?,?,?,?,?,5,2,?,5,?,?,5,?,5,5,4,5,4,5,2,4,?,3,?,4,4,4,5,4,5,?,5,3,5,?,5,5,?,?,3,4,4,4,4,5,5,?,5,4,4,?,5,?,?,5,5,5,5,5,4,3,3,?,?,5,3,3,5,5,5,5,?,?,5,5,5,?,5,5,?,?,?,4,?,5,4,?,5,4,5,?,4,?,?,5,?,5,5,4,5,3,5,5,4,?,?,5,5,?,5,5,5,2,4,4,4,5,?,4,?,?,5,3,5,5,4,?,2,1,?,5,?,?,?,4,?,2,4,4,?,5,5,4,5,?,4,?,4,?,5,?,?,?,5,4,3,5,5,5,?,?,4,5,5,5,?,?,5,?,1,?,4,?,?,5,?,?,?,?,5,4,4,5,5,5,5,5,?,?,?,5,3,?,5,4,4,?,?,4,4,?,?,3,5,4,4,4,?,?,5,4,5,?,?,5,5,4,?,?,4,3,4,5,3,5,5,4,3,?,5,5,?,5,3,?,4,?,5,?,4,5,5,?,5,?,4,?,4,?,?,5,?,4,?,3,5,?,?,5,5,3,5,5,?,5,5,4,5,?,5,5,4,4,4,?,5,5,5,4,?,2,?,5,?,4,?,?,?,4,?,?,4,?,?,?,4,5,3,?,5,4,?,5,4,?,3,2,5,5,5,5,?,5,?,4,?,?,4,4,4,4,3,5,?,4,3,2,4,?,4,?,3,4,?,5,4,?,5,?,?,5,5,5,3,?,?,5,4,?,?,5,4,5,?,5,5,3,5,5,5,4,4,?,?,?,4,4,5,5,?,?,?,?,?,?,?,5,?,?,?,?,?,?,?,5,?,4,5,?,?,?,5,5,3,2,5,4,?,?,5,5,4,?,?,3,5,?,5,4,5,?,5,5,5,?,4,?,?,?,?,?,?,?,5,?,5,?,?,5,5,4,3,5,?,?,?,5,?,?,4,4,5,3,5,4,?,3,5,5,?,4,5,4,5,5,4,5,5,5,?,5,?,4,5,5,?,?,?,4,4,?,5,?,?,4,?,?,5,3,?,3,?,4,5,5,5,?,?,?,?,4,2,3,?,4,5,?,4,5,5,?,4,?,5,4
100|Fargo (1996),5,5,?,?,5,5,5,?,?,5,4,?,5,5,?,5,4,5,?,?,5,?,5,5,?,5,5,5,?,?,?,3,?,?,?,?,?,?,?,?,4,?,4,5,5,4,?,?,4,2,?,4,5,5,?,?,5,5,5,?,?,4,5,4,3,?,?,?,5,?,4,5,4,4,5,5,3,?,5,5,3,5,?,4,3,?,5,?,5,5,?,5,?,5,?,5,2,?,5,?,?,?,?,4,?,3,?,4,4,?,?,?,4,5,5,?,?,5,5,?,4,?,4,?,?,?,?,?,?,3,5,4,?,?,?,5,?,5,5,?,4,?,?,5,5,?,?,?,?,2,3,?,?,?,?,4,5,5,?,5,4,?,?,5,?,?,?,4,?,?,?,?,?,5,2,5,5,4,?,?,3,3,?,5,?,4,?,4,4,4,?,5,5,4,5,?,?,1,3,?,4,?,1,?,?,?,2,?,?,?,?,?,5,4,?,5,?,4,?,?,5,5,?,?,?,?,5,?,?,4,?,5,4,4,4,3,5,?,3,?,?,?,?,4,?,4,3,4,5,5,4,5,4,?,3,4,5,?,?,?,?,3,5,5,5,5,5,3,5,?,5,?,?,5,?,5,4,?,4,3,?,?,4,?,4,3,5,5,?,?,5,5,4,4,5,5,5,?,3,3,5,?,5,?,3,4,3,5,?,?,1,4,5,?,5,4,?,5,?,4,4,?,4,?,4,?,4,5,4,4,4,?,4,5,?,3,?,4,5,?,?,5,5,5,5,3,3,4,4,?,?,4,?,5,?,?,?,?,?,5,5,?,5,?,5,?,5,4,?,4,?,3,3,5,?,4,3,4,5,4,4,4,4,?,4,?,5,3,5,5,4,?,1,?,4,2,5,3,3,?,4,5,5,?,?,4,5,?,5,?,?,?,4,5,?,5,3,?,5,5,4,4,5,5,4,4,?,?,5,5,?,3,?,?,3,?,4,4,3,?,3,2,?,5,2,?,5,?,5,4,?,5,5,4,4,3,5,4,1,5,?,4,4,?,3,?,5,5,?,4,?,5,?,5,5,?,?,5,3,4,4,?,?,?,?,5,5,2,?,3,5,4,5,5,?,?,4,3,4,4,4,?,5,5,?,?,?,?,?,?,?,?,?,4,?,?,?,4,?,4,3,5,?,5,4,5,5,?,?,4,?,5,5,?,5,?,4,4,?,5,?,4,?,?,?,3,?,5,4,?,4,4,5,3,5,?,?,5,?,5,4,?,?,?,?,5,1,4,5,?,?,3,?,5,?,4,4,?,4,3,5,5,5,?,?,?,?,1,?,5,5,5,5,4,4,?,?,?,?,?,4,?,4,5,5,5,4,4,?,?,?,4,?,5,3,?,4,4,?,1,5,5,?,5,3,?,5,?,5,3,?,3,?,4,?,5,4,3,1,?,?,?,5,4,?,?,?,?,?,4,?,?,4,1,3,?,?,4,?,3,?,5,4,5,3,4,?,?,?,?,?,?,?,?,?,5,?,5,3,3,?,3,?,4,?,?,?,?,?,?,?,4,?,4,?,?,?,2,4,?,5,?,4,4,?,1,5,?,?,4,?,?,?,1,2,?,4,?,?,?,?,4,?,?,5,?,2,5,?,5,?,?,5,?,2,?,5,2,5,?,?,5,5,?,5,?,5,?,3,?,4,?,?,?,?,5,3,5,?,?,?,?,5,4,?,?,5,5,?,5,?,?,4,1,?,?,1,?,?,?,5,?,?,?,?,4,?,5,5,2,?,4,4,5,5,3,?,?,?,?,?,?,?,5,5,4,?,?,?,?,?,?,?,4,?,?,?,?,?,?,2,?,5,?,4,?,?,?,4,5,4,?,4,4,?,?,?,4,3,5,?,?,?,4,?,?,?,?,?,?,?,4,?,5,?,?,?,3,?,4,?,5,?,5,4,?,?,5,5,4,?,?,?,4,?,?,?,2,?,5,4,?,4,5,3,4,2,4,4,?,5,5,?,4,4,3,?,?,?,4,?,?,5,?,4,4,5,4,?,4,?,?,3,?,?,5,4,?,5,?,?,?,5,4,?,?,?,?,4,3,4,5,5,4,3,4,3,5,?,3,?,?,5
121|Independence Day (ID4) (1996),4,?,?,?,4,?,5,?,?,?,3,?,5,3,3,?,?,?,?,3,1,3,?,?,4,3,4,?,?,?,?,?,?,?,?,?,2,?,?,?,?,4,4,4,4,?,?,?,1,?,?,4,4,4,3,5,4,2,4,4,?,4,1,2,4,3,4,1,?,3,?,3,?,4,4,2,2,?,?,?,4,4,4,4,2,?,5,?,5,?,?,5,3,2,4,?,?,?,3,?,4,3,3,2,?,?,?,3,5,?,?,?,?,?,3,?,4,?,4,4,2,?,?,?,?,?,?,4,?,5,?,?,?,?,?,?,5,4,?,?,4,?,?,?,2,?,?,?,?,2,5,5,?,?,?,?,?,4,3,?,?,4,?,5,?,?,?,4,?,?,?,?,?,?,?,?,2,5,?,5,4,3,3,2,?,2,?,4,2,3,?,2,3,2,?,?,?,3,?,5,2,?,?,?,?,?,3,?,?,4,?,?,5,4,?,?,1,?,?,?,2,3,3,?,?,?,2,?,?,4,4,?,4,?,?,?,?,4,?,?,?,?,?,1,?,4,4,2,3,?,4,?,5,3,2,5,3,?,3,?,?,3,?,?,?,?,3,2,1,4,2,?,?,?,3,4,2,?,4,?,?,?,?,?,?,3,4,2,3,4,2,?,3,5,4,5,?,4,?,?,4,?,3,?,3,?,1,3,?,?,4,3,4,4,2,?,?,1,?,5,?,?,3,?,?,?,2,4,?,4,?,5,?,3,?,4,5,?,3,?,?,?,2,3,3,4,3,5,2,?,?,?,?,?,?,?,5,?,4,?,2,?,2,?,?,?,?,?,?,?,?,?,?,4,?,?,?,4,?,3,2,?,?,?,?,3,2,4,?,?,?,?,4,4,3,5,?,?,3,?,3,?,5,?,?,5,4,?,?,?,?,?,?,?,?,5,3,?,?,?,?,?,?,?,4,?,?,?,3,2,?,4,?,4,3,?,3,5,2,?,4,2,?,?,1,?,5,?,?,3,?,5,?,4,4,2,4,1,5,?,2,?,3,?,?,3,?,4,?,?,?,5,?,4,?,?,?,?,4,?,?,?,2,4,?,3,4,?,?,?,?,?,5,4,5,?,4,2,?,3,4,?,3,4,4,?,5,2,?,?,?,?,5,?,?,?,?,5,?,?,2,?,?,?,4,2,?,?,?,?,?,4,4,4,4,4,1,3,?,2,3,2,?,?,5,5,?,5,4,5,5,4,?,4,3,?,?,?,?,3,3,?,?,4,?,3,?,?,3,?,?,2,?,?,?,?,5,?,?,4,?,3,?,?,?,5,?,5,?,?,?,4,4,?,2,?,?,?,?,?,2,4,?,?,1,4,2,?,?,?,?,?,?,4,?,?,?,4,5,5,3,1,4,3,3,?,3,?,?,4,?,?,3,5,?,5,4,4,?,?,?,5,4,5,?,?,4,5,2,3,?,?,4,4,3,?,?,?,4,2,2,?,4,3,2,3,?,?,3,?,4,?,?,4,?,?,?,?,2,3,?,4,?,3,?,?,?,?,5,3,?,?,2,5,?,?,4,2,3,?,?,?,5,?,5,?,?,3,4,?,1,?,?,4,4,5,2,4,1,?,?,5,?,?,?,?,4,?,?,4,?,?,3,4,?,?,?,4,?,?,2,?,?,?,?,3,?,?,3,?,4,?,?,?,?,3,2,2,5,?,?,?,?,5,?,?,?,4,4,?,?,?,2,1,?,?,?,3,3,?,?,?,?,?,?,2,?,4,?,3,?,4,3,?,3,5,?,5,?,4,?,?,?,4,3,4,4,?,?,?,?,?,?,?,2,?,3,?,?,?,3,?,?,?,5,?,?,?,?,?,?,?,1,?,?,?,?,2,3,2,?,?,3,3,?,?,3,4,5,5,4,4,?,1,?,?,?,?,?,?,?,5,?,4,1,?,?,2,?,?,4,4,?,?,?,?,?,?,4,2,5,4,?,?,?,?,5,?,4,2,4,4,4,3,?,3,5,?,5,2,4,?,3,?,?,4,4,?,?,1,?,?,?,?,?,3,1,?,?,?,5,?,4,4,?,?,5,?,?,4,2,3,3,3,4,4,?,5,5,?,?,?,3
127|The Godfather(1972),5,5,?,?,?,5,5,5,?,5,?,4,5,2,2,5,?,5,?,?,5,5,?,5,3,5,?,?,?,?,?,?,?,?,?,?,4,2,?,?,?,?,4,?,5,5,?,?,?,?,?,?,?,4,?,?,?,4,5,?,?,4,?,5,?,4,?,4,?,?,?,5,5,?,?,?,2,?,?,?,?,2,4,?,5,?,4,?,5,4,5,?,?,5,4,5,?,?,?,?,?,2,4,3,?,?,?,4,2,?,?,?,4,?,5,5,?,?,?,4,5,5,5,?,?,?,?,?,?,?,4,4,?,?,?,5,?,?,5,?,2,?,?,4,?,?,?,1,?,5,?,?,3,?,?,?,5,5,5,5,3,?,?,?,4,?,?,?,4,?,?,?,?,?,5,?,5,5,?,?,?,?,?,5,5,?,?,4,4,?,?,4,5,5,5,?,5,5,?,?,5,?,?,?,?,?,5,?,5,5,4,2,5,4,4,?,?,?,?,?,?,5,?,?,?,?,4,?,?,?,3,3,5,4,?,5,5,?,?,?,?,?,4,?,?,?,?,5,?,4,?,?,5,?,?,4,?,?,?,?,?,?,4,?,?,?,5,4,4,?,5,5,?,?,?,5,?,?,?,5,?,?,?,?,?,4,?,5,?,?,?,5,5,5,?,5,?,5,5,?,4,?,5,?,5,?,?,4,?,?,4,?,5,?,5,2,?,5,?,?,3,4,5,4,5,1,4,5,4,?,?,5,4,4,?,?,3,?,5,?,?,?,5,5,?,5,5,?,?,5,?,?,?,?,?,?,?,1,?,5,?,?,4,?,?,?,?,4,?,?,4,?,2,4,?,?,?,?,5,?,?,3,?,?,4,5,4,?,5,?,5,5,?,?,5,?,5,4,2,?,1,5,4,?,5,4,3,?,4,?,?,?,?,?,?,5,4,?,?,5,4,4,4,4,4,?,?,?,4,4,?,?,?,?,4,5,?,?,?,?,?,?,?,?,2,?,?,?,5,5,?,5,?,?,5,5,5,5,4,4,?,?,5,5,4,3,5,4,4,?,?,?,5,5,4,?,?,?,5,3,?,4,?,?,?,5,?,4,?,5,3,5,3,5,4,?,5,4,4,?,5,?,5,5,1,?,?,?,?,?,?,?,4,?,?,?,4,?,?,?,4,?,?,5,3,4,5,?,?,?,?,5,5,?,?,?,5,5,3,?,?,5,?,?,?,?,?,5,5,?,5,4,?,?,?,5,4,?,4,5,?,5,?,4,?,5,5,4,?,?,?,?,4,?,2,?,?,?,?,?,5,?,?,?,?,4,?,?,?,4,4,5,?,4,5,?,4,?,?,5,4,5,?,4,5,4,?,5,?,5,?,2,4,?,5,?,?,5,4,?,?,5,4,4,?,?,?,?,5,2,?,?,?,5,?,?,2,2,?,?,?,?,5,4,?,?,?,3,5,2,4,?,5,?,5,?,?,5,5,?,?,?,5,5,4,5,?,?,5,?,?,4,?,5,?,?,?,5,?,?,?,5,4,?,?,5,?,?,?,4,?,3,4,5,?,?,5,4,3,?,4,?,5,?,?,?,?,3,5,5,?,?,?,?,?,5,4,?,3,?,5,?,?,?,?,?,4,?,?,?,4,?,3,?,4,4,5,4,?,?,?,5,?,5,2,2,5,?,4,?,?,?,?,4,?,?,?,5,2,?,3,?,4,?,5,5,?,5,?,?,?,?,5,4,?,5,1,?,?,?,5,4,?,?,?,4,?,?,5,?,?,?,5,5,?,5,4,?,4,4,?,?,?,3,3,5,3,?,?,?,?,?,?,?,3,?,?,?,?,?,?,?,5,?,3,5,?,?,?,4,?,?,5,5,4,?,?,5,5,4,?,?,2,?,?,5,?,3,?,?,5,4,?,4,?,?,?,5,?,?,?,5,?,4,?,?,?,4,5,5,5,?,?,5,?,?,?,4,5,5,4,?,5,4,?,4,3,?,4,5,4,5,?,?,?,5,5,?,?,?,?,3,5,?,?,?,?,4,?,5,?,?,4,?,?,?,?,?,?,?,?,3,?,3,?,?,?,5,5,?,5,?,5,?,4,5,?,5,5,?,?,?,5
174|Raiders of the Lost Ark (1981),5,?,?,?,5,4,5,5,?,4,?,5,4,5,?,5,?,4,?,4,?,5,4,?,5,?,?,5,?,5,?,?,?,?,?,?,5,?,?,?,4,5,4,5,?,?,?,5,1,?,?,?,5,?,4,5,?,4,5,4,?,4,?,5,?,?,?,?,5,5,2,5,?,?,?,?,5,?,?,?,?,5,5,?,4,?,5,?,?,5,5,5,?,4,5,5,4,?,5,?,?,4,?,?,?,?,?,?,5,?,?,?,?,?,5,?,4,5,4,?,3,?,?,3,5,?,?,3,?,5,?,?,?,?,?,?,5,?,?,?,?,?,?,5,5,?,?,5,?,?,5,?,1,5,?,?,?,5,?,5,2,4,?,?,4,?,?,?,4,?,?,?,?,?,?,?,4,5,?,?,?,?,?,3,?,?,?,5,5,?,?,?,4,4,?,?,5,5,?,5,3,?,?,?,?,?,4,?,?,5,?,?,5,4,4,5,3,?,?,?,4,5,?,?,?,4,?,?,?,5,?,?,5,3,4,3,4,?,4,?,?,?,?,3,?,3,?,3,4,3,?,?,?,5,?,4,?,?,?,?,?,3,5,?,?,?,5,5,1,?,5,5,?,?,4,5,?,?,4,3,?,?,?,?,?,4,?,4,?,5,5,5,5,?,4,?,5,5,4,?,5,?,5,?,3,?,4,4,?,?,5,5,4,?,?,1,?,4,?,4,3,?,?,?,2,4,4,?,4,5,?,5,5,4,?,?,?,4,4,4,?,2,5,5,4,5,4,?,?,5,?,5,?,4,?,?,?,1,?,3,?,?,4,?,?,?,?,?,?,3,4,?,4,5,?,?,?,4,5,4,?,?,?,?,2,?,5,?,4,?,5,5,?,5,5,?,5,5,3,?,4,?,?,?,5,4,5,?,4,?,4,5,?,?,5,5,3,?,5,?,5,?,?,?,3,3,?,?,4,?,?,?,5,?,5,3,5,?,?,?,?,4,?,?,4,?,5,?,?,5,?,4,4,4,4,4,5,3,4,?,?,?,?,?,3,5,?,5,?,?,?,5,?,5,?,?,?,?,5,5,?,?,?,5,?,?,5,4,?,?,?,?,3,5,5,4,4,3,3,2,?,?,5,4,4,5,?,4,?,?,?,?,?,5,?,?,?,?,?,?,4,?,?,4,?,?,4,5,?,4,?,?,4,?,4,5,3,4,?,?,4,?,4,?,4,?,?,?,?,?,4,?,4,5,?,?,?,?,4,?,4,5,?,?,?,?,1,?,?,?,4,?,4,?,?,?,5,?,?,?,?,?,?,?,?,4,?,3,?,?,?,5,4,?,?,?,?,?,?,4,4,?,3,?,3,5,3,3,?,?,?,?,?,?,?,?,1,5,4,5,3,4,?,?,4,?,3,?,5,3,?,5,?,?,?,?,?,5,4,5,?,5,4,?,4,?,4,5,?,4,?,?,5,5,3,?,?,?,4,4,5,?,5,5,?,3,?,?,3,4,5,?,?,?,?,5,?,?,3,?,?,4,?,?,?,4,?,?,?,4,?,?,4,5,?,?,?,3,?,4,?,?,?,?,5,?,2,?,5,4,?,5,?,?,4,5,?,?,?,?,5,?,4,?,?,?,4,?,?,?,?,?,?,4,?,?,2,5,?,?,5,?,?,4,3,5,5,5,5,?,4,?,4,?,?,?,5,5,?,?,?,?,4,5,?,3,?,?,?,?,?,?,3,3,?,5,?,4,?,5,5,?,?,?,5,4,?,2,?,4,?,?,?,?,4,5,?,4,5,?,?,?,?,5,3,5,5,?,?,?,?,?,?,?,4,?,?,?,?,?,5,?,5,?,5,5,?,?,?,5,5,?,2,?,5,5,?,4,?,4,?,?,4,4,?,5,4,5,5,5,5,?,?,3,?,?,?,?,?,?,?,5,?,5,?,?,5,5,?,5,5,?,?,?,5,4,?,3,?,4,5,5,4,?,5,5,?,?,4,5,?,5,?,?,?,5,5,?,5,?,5,?,?,?,?,?,?,3,?,5,4,3,5,?,?,5,?,3,4,?,5,5,5,5,?,?,3,?,3,3,?,4,4,5,?,?,?,?,?,4,?,5,4
181|Return of the Jedi (1983),5,?,4,?,5,?,3,4,?,?,?,?,5,5,5,?,?,3,?,4,?,5,4,?,5,4,?,?,?,4,?,4,?,?,?,?,?,?,?,?,4,5,4,4,4,4,?,5,1,?,5,?,4,5,4,5,5,3,5,4,?,4,3,4,?,5,?,5,5,4,3,1,?,?,?,?,3,?,?,?,?,4,4,?,4,?,5,?,4,?,5,4,?,4,4,5,?,?,5,?,4,2,4,5,?,?,?,3,5,?,?,?,?,?,4,4,5,?,4,?,5,?,?,?,5,?,?,4,?,5,?,?,?,?,?,?,5,?,?,?,4,5,?,4,5,?,?,5,?,5,5,?,1,?,?,?,?,3,?,?,2,4,?,5,5,?,?,4,5,?,?,?,?,?,?,3,4,5,?,2,?,5,2,4,4,?,?,3,3,?,?,?,?,3,5,?,5,4,?,?,2,?,5,?,?,?,3,?,4,5,1,?,4,3,4,3,1,?,?,?,4,4,?,?,?,?,?,?,?,4,4,4,?,3,3,4,?,3,3,?,?,?,?,4,4,5,4,4,3,4,4,?,?,5,?,4,5,?,4,?,?,3,4,?,2,?,5,4,2,4,5,?,?,5,4,5,3,?,3,3,?,?,?,?,?,3,3,?,?,5,5,4,3,5,4,5,4,4,3,?,5,?,5,?,4,?,5,4,?,4,4,4,4,?,?,?,?,?,?,?,?,?,5,?,4,4,4,4,4,5,?,5,?,4,?,?,2,?,4,4,?,?,?,3,4,5,5,?,?,4,?,4,?,4,?,?,?,?,5,4,?,?,5,?,?,?,?,4,5,4,3,?,5,3,?,4,?,4,4,3,?,?,?,?,1,3,4,?,4,4,?,5,4,4,5,?,4,4,3,?,3,4,4,?,5,5,3,?,4,?,5,?,5,?,?,5,3,?,4,?,?,4,?,?,4,?,?,?,5,4,?,5,?,?,5,?,4,4,?,?,?,4,?,?,2,?,5,?,?,4,?,4,5,3,4,3,4,2,4,?,?,4,?,3,3,4,3,3,?,4,?,5,?,5,?,?,?,?,5,?,5,?,4,5,?,4,4,4,?,4,?,?,5,4,5,5,5,2,3,3,4,?,5,3,3,5,5,3,4,?,?,?,5,4,?,4,4,?,?,?,4,?,5,3,4,4,4,5,?,3,?,5,5,?,4,5,2,3,?,4,5,4,?,?,5,5,?,4,4,5,2,3,4,4,5,?,?,?,?,4,3,3,4,4,?,2,1,?,?,?,4,?,?,?,2,4,5,?,?,5,3,4,?,4,?,4,?,5,?,?,?,3,4,3,5,4,4,?,?,4,5,5,5,?,?,5,?,?,?,?,?,?,?,?,?,?,?,5,4,4,5,5,5,4,4,?,?,?,?,3,?,5,?,?,?,?,4,5,?,?,?,5,3,4,4,?,?,5,4,4,?,?,4,3,3,?,?,3,3,4,5,?,4,?,4,2,?,?,5,?,5,3,?,4,?,5,?,3,5,?,?,5,?,4,?,4,?,?,5,?,?,?,3,5,?,?,4,3,3,5,?,?,5,?,5,4,?,5,4,3,4,5,?,5,4,4,?,?,?,?,5,?,?,?,4,?,3,?,?,2,?,?,?,?,4,2,?,4,?,?,4,3,3,?,2,5,5,4,5,?,5,?,3,?,?,4,3,4,5,3,5,?,?,?,?,4,?,?,?,3,4,?,5,3,?,4,?,?,5,?,5,3,?,?,?,4,?,?,4,4,5,?,4,4,4,5,5,5,?,4,?,?,?,5,3,2,5,?,?,?,?,?,?,?,5,?,?,?,?,?,4,?,4,?,4,5,?,?,?,5,5,3,2,5,?,?,3,5,3,3,?,?,3,5,?,5,4,5,?,5,?,4,?,?,?,?,?,2,?,?,?,5,?,5,?,?,5,5,3,4,3,?,?,?,4,?,?,3,4,5,4,5,?,?,3,5,5,?,4,4,3,4,?,?,5,5,3,?,3,?,4,3,4,3,?,?,4,3,?,1,?,?,3,?,?,4,?,?,4,?,5,5,5,3,?,?,?,?,?,?,4,?,2,4,4,4,?,5,?,3,5,?,4
258|Contact (1997),5,3,2,5,?,2,4,5,?,?,5,?,4,?,3,?,?,?,4,?,4,5,5,4,5,3,?,5,?,5,?,?,4,?,2,?,?,?,4,3,?,?,5,4,?,?,4,?,2,?,?,5,4,4,?,4,5,?,3,?,4,5,3,3,3,4,?,5,4,?,?,?,?,4,?,3,?,?,5,?,?,?,?,4,4,5,?,?,?,3,?,4,?,5,?,?,?,?,5,4,?,4,?,3,5,?,4,?,5,4,4,3,5,?,?,4,4,5,2,5,?,?,?,?,5,4,5,2,2,4,?,?,5,4,4,5,?,?,?,3,5,?,3,4,4,4,4,?,3,?,5,?,5,3,?,?,3,?,4,?,?,?,4,5,5,4,?,4,5,3,4,?,4,?,?,4,3,4,5,5,3,?,3,3,4,1,?,?,?,3,?,5,3,?,4,?,4,4,4,4,2,4,3,2,3,4,4,?,2,?,?,?,4,?,3,?,1,?,5,3,1,5,1,3,?,5,?,?,2,?,?,?,?,2,?,?,?,3,?,?,?,?,?,5,4,?,5,?,5,4,3,?,?,4,4,?,3,2,?,3,?,4,3,?,4,?,?,2,?,3,3,?,?,5,3,5,4,3,?,?,2,5,?,4,2,4,?,4,?,?,?,?,3,3,?,5,5,?,?,?,4,3,4,?,4,2,5,?,5,3,4,?,3,?,?,?,?,?,?,?,?,4,4,4,?,?,1,5,3,?,?,5,?,4,1,?,?,?,3,?,?,?,5,3,4,?,4,?,?,3,5,?,5,4,?,5,4,4,?,4,3,4,3,?,4,?,4,?,?,?,?,?,?,?,?,?,4,4,?,4,?,2,?,4,?,?,4,5,?,5,3,2,4,?,4,?,?,?,?,5,?,4,4,4,?,?,4,3,?,2,4,?,4,5,4,5,4,5,?,?,?,4,5,2,2,?,4,?,4,4,?,4,?,?,4,?,?,?,?,4,?,?,5,3,?,?,5,4,?,4,4,?,4,4,5,4,5,?,3,3,4,?,5,5,5,4,2,4,?,4,?,5,?,4,1,?,?,?,5,3,?,2,4,5,?,5,5,4,5,2,4,?,5,?,?,?,4,2,2,4,?,2,?,5,1,4,4,?,4,4,?,3,4,4,4,?,5,?,?,?,4,?,5,?,?,3,?,4,4,?,?,?,4,?,5,?,4,3,4,4,4,?,?,3,3,4,4,4,5,5,4,4,?,?,3,?,?,?,?,5,2,?,?,4,?,?,?,?,5,3,?,?,4,5,?,?,?,1,5,5,?,4,4,4,?,?,4,4,2,?,?,5,?,?,4,3,?,5,?,?,5,?,?,?,?,4,?,?,3,?,?,?,5,?,?,4,?,?,5,?,?,?,4,4,4,4,4,5,4,3,?,4,?,4,?,5,?,?,?,?,3,3,?,4,3,3,?,?,?,3,?,?,3,4,2,?,2,?,4,?,4,?,3,?,?,4,?,2,2,?,5,?,2,?,3,2,?,?,?,?,1,3,3,?,?,?,?,?,5,?,?,?,4,?,?,?,?,3,5,?,?,5,4,?,?,4,?,5,?,2,4,?,?,4,?,?,5,?,?,4,3,?,4,4,4,?,2,?,?,5,?,?,3,?,4,?,5,4,?,3,?,5,5,?,5,?,2,5,4,3,?,3,?,?,5,3,5,4,4,5,4,?,3,?,?,?,?,?,3,5,5,5,5,1,4,?,?,?,5,?,2,4,4,5,?,?,5,4,?,3,?,?,?,?,?,4,?,4,5,?,?,5,?,?,3,3,3,?,3,?,5,?,?,?,4,3,3,4,2,3,?,?,?,?,4,4,3,?,3,?,2,3,?,4,?,4,4,5,4,?,5,3,4,4,?,3,5,?,?,?,4,?,3,4,?,4,5,?,?,?,?,5,5,5,4,?,3,?,?,4,5,4,3,?,4,?,4,3,?,4,?,3,?,5,?,?,1,?,4,3,?,?,3,4,?,5,?,3,5,?,?,3,?,?,3,?,4,?,?,?,?,?,4,?,2,?,?,?,4,4,?,4,?,3,?,4,?,?,?,?,3,?,?,?,?,3,4,5,4,5,4,4,?
286|The English Patient (1996),?,4,?,?,?,2,4,?,5,4,5,?,3,?,2,2,3,5,?,?,3,?,?,5,?,3,3,3,5,5,?,?,?,5,?,?,?,?,?,2,4,?,4,?,?,5,3,3,?,2,?,?,?,?,?,?,?,?,3,5,?,3,4,?,?,1,?,5,?,?,4,?,4,?,?,5,?,?,5,?,?,4,?,5,4,3,?,5,?,5,?,?,?,4,5,?,?,?,?,3,?,3,?,1,4,4,2,?,?,?,4,4,4,?,?,3,?,?,5,5,?,?,5,?,?,3,1,?,5,5,5,3,2,3,?,5,?,?,4,5,4,?,2,4,3,3,5,?,5,?,5,5,?,4,4,?,5,4,1,?,2,?,3,?,?,1,?,?,?,?,3,?,5,5,?,2,?,3,?,?,1,?,?,4,4,?,?,?,?,?,4,?,4,1,?,5,1,?,5,4,2,1,?,3,2,?,2,?,2,?,4,4,3,?,?,4,?,?,?,5,4,?,1,3,4,4,3,5,4,?,?,3,3,3,?,5,3,5,1,5,5,?,4,?,?,?,?,?,?,?,?,5,?,1,?,?,5,5,4,?,?,?,?,2,?,4,?,5,?,5,4,?,3,?,?,?,5,5,?,4,?,?,?,4,3,?,?,4,?,?,?,?,3,5,?,5,5,4,4,?,?,?,5,1,4,4,3,?,4,?,?,?,?,?,5,5,?,3,?,?,4,?,3,5,4,?,2,5,4,5,4,?,?,4,?,?,?,4,5,?,?,4,4,3,3,?,3,?,?,5,5,?,5,4,5,3,?,?,5,5,5,?,?,5,?,?,?,?,?,?,?,5,3,?,?,?,?,5,4,5,?,2,5,4,3,?,2,?,2,4,4,2,?,?,4,?,4,?,?,4,2,5,?,1,?,3,4,3,5,4,?,?,5,?,?,5,5,?,4,4,?,5,4,4,1,?,4,3,?,4,4,?,5,?,?,?,2,2,?,?,?,2,5,2,?,3,2,2,4,4,1,4,?,3,5,3,?,4,4,4,?,?,4,3,4,?,?,4,5,4,?,?,?,5,2,?,?,?,1,?,?,3,3,?,2,2,2,1,4,2,4,4,?,4,?,?,?,?,?,1,?,?,3,?,?,?,?,?,?,3,?,5,?,?,2,5,?,?,?,5,?,?,?,5,?,?,2,?,4,?,5,?,4,3,2,?,3,?,4,4,?,?,?,4,?,2,?,1,?,?,4,4,?,4,?,4,?,4,?,?,4,4,?,?,?,?,?,3,5,4,?,4,3,3,?,?,?,?,4,4,?,?,4,?,4,?,4,4,3,5,4,5,5,3,?,4,3,5,?,?,?,?,?,?,4,?,?,4,?,?,5,?,?,2,4,5,?,?,?,?,?,?,2,5,4,5,?,?,4,?,3,?,?,5,?,?,5,?,4,?,?,?,?,?,4,3,?,1,?,3,4,3,4,?,3,1,4,?,?,?,?,3,3,4,4,5,?,4,?,?,?,?,4,?,4,4,1,?,5,4,5,?,2,?,1,?,3,?,?,?,?,?,?,?,3,5,4,?,3,?,4,?,?,5,3,?,5,?,?,4,4,?,3,?,?,?,3,?,?,5,5,4,3,1,5,?,?,3,?,?,?,5,4,?,5,4,?,?,2,5,?,?,3,?,1,?,4,3,?,4,?,1,3,3,5,?,?,5,?,?,?,4,4,4,5,?,?,?,?,?,2,?,3,?,4,?,2,?,?,4,1,2,3,3,?,4,3,5,1,?,3,?,?,3,?,2,2,?,5,?,?,2,5,?,?,3,?,4,4,4,5,2,?,?,?,?,?,4,5,4,?,?,5,2,4,?,3,4,4,?,?,3,?,4,3,3,4,4,4,?,5,?,?,?,5,?,?,?,?,?,4,?,3,1,?,4,?,4,?,4,4,?,5,5,?,?,5,?,?,4,3,?,2,4,3,5,2,4,?,?,2,?,3,?,?,?,?,5,?,5,5,?,4,5,?,?,?,2,?,?,?,?,?,?,?,5,5,?,4,3,?,?,?,?,4,4,?,?,4,2,?,?,?,3,?,4,?,?,?,3,5,?,?,4,5,5,4,3,?,3,?,?,?
288|Scream (1996),?,3,2,4,?,?,4,?,?,?,?,?,1,4,?,3,?,?,3,1,3,?,?,3,?,4,3,5,?,?,?,4,4,2,?,4,4,5,5,?,?,?,?,?,3,2,2,?,?,4,?,3,?,4,?,?,4,?,5,?,?,2,3,4,?,4,?,4,5,?,?,?,3,3,?,2,?,4,3,?,3,3,?,?,?,3,?,?,?,?,?,3,?,3,?,?,?,?,4,2,4,2,?,2,4,?,3,?,5,4,?,?,3,?,?,3,3,5,4,?,?,?,3,?,?,4,5,?,1,5,?,?,?,?,3,?,?,?,4,3,3,3,5,2,?,?,?,?,?,4,?,?,?,3,3,?,?,?,3,5,?,?,3,?,2,3,3,1,?,3,2,?,?,3,?,3,5,5,5,?,4,?,?,?,?,1,?,4,?,5,3,?,1,?,?,?,3,?,?,5,4,?,5,3,?,5,?,?,?,?,?,?,4,3,2,?,?,2,?,5,3,4,3,?,?,?,2,4,4,?,?,?,?,3,?,?,?,?,2,5,5,?,?,?,?,5,?,?,?,4,4,?,?,?,4,5,3,1,3,3,4,3,?,5,4,?,?,4,?,5,?,4,?,4,?,4,?,5,3,5,4,4,2,?,5,5,?,?,?,?,5,3,3,5,?,?,3,?,3,4,4,?,4,3,?,?,?,4,?,?,?,?,?,5,3,?,4,?,?,4,?,?,3,5,?,?,4,?,2,?,?,5,?,3,4,3,?,?,3,?,4,5,2,4,3,2,5,5,3,?,3,?,?,?,5,4,?,?,?,?,?,4,4,4,5,4,5,3,?,?,?,5,?,4,4,3,5,3,?,?,?,?,?,?,?,?,3,5,?,?,3,4,3,4,2,3,4,?,3,4,?,?,4,3,5,?,4,4,1,?,?,4,?,5,?,5,3,5,?,3,?,3,?,1,5,?,?,4,3,4,?,5,?,5,4,4,2,?,3,?,2,4,?,?,2,2,4,1,3,3,5,2,4,?,2,?,4,3,?,2,?,5,1,4,?,4,4,?,?,4,?,5,?,3,?,4,?,5,3,?,?,3,?,?,3,4,4,2,4,?,?,?,4,?,4,2,2,3,?,?,4,5,?,5,?,?,5,?,5,3,4,?,?,?,4,?,?,3,4,?,3,?,?,?,4,4,?,?,4,?,1,?,2,4,?,?,2,?,?,?,?,2,?,2,?,4,?,3,4,5,4,2,?,3,3,4,1,?,?,4,?,?,?,?,?,3,?,?,3,2,?,?,?,4,?,?,?,3,4,5,?,3,?,?,?,4,4,4,5,?,?,5,4,?,3,4,?,?,4,?,1,?,3,3,5,4,?,5,2,3,3,?,?,2,?,4,1,3,3,4,?,?,1,4,?,3,3,5,4,4,3,3,2,3,?,?,?,?,?,?,?,1,4,?,3,3,?,4,?,3,?,2,?,3,3,?,?,?,?,?,?,?,4,?,?,3,?,4,?,?,5,?,4,3,?,1,5,?,4,?,1,4,3,?,2,?,4,5,?,?,?,?,2,?,4,?,2,?,3,?,?,1,4,?,?,3,?,?,5,?,1,?,?,?,4,?,1,?,?,?,3,?,?,4,3,?,?,?,2,?,?,4,2,4,4,?,?,?,1,4,4,?,2,?,?,?,4,?,?,4,?,5,?,?,1,?,4,4,?,4,4,?,?,?,?,?,?,4,?,4,?,2,2,?,?,?,4,?,?,?,2,4,3,?,3,?,1,?,3,4,3,?,4,?,?,?,?,?,?,?,5,3,?,1,1,3,?,3,?,3,?,4,?,4,?,4,4,5,?,5,?,?,?,3,1,3,3,3,?,1,1,3,2,5,2,1,?,?,?,?,3,3,4,?,?,4,4,?,5,?,?,?,4,5,?,?,?,?,4,?,?,5,4,5,?,?,?,?,3,4,?,5,?,?,4,3,3,?,?,4,?,3,?,?,?,4,4,?,?,?,?,4,3,3,?,3,5,4,?,2,?,?,4,4,?,?,5,4,?,3,?,?,2,?,2,?,?,?,4,3,3,2,5,3,5,3,5,3,?,1,?,?,?,?,?,?,?,5,?,?,?,?,?
294|Liar Liar (1997),?,1,2,5,?,2,1,3,4,3,?,?,2,?,?,4,4,?,3,?,3,1,1,3,?,3,?,3,4,4,?,3,3,1,?,?,?,5,4,4,?,4,5,4,?,2,?,3,1,?,?,?,?,?,?,4,4,?,?,?,2,1,2,?,4,4,?,?,2,?,?,?,?,4,3,?,?,3,?,?,?,4,3,3,?,?,?,?,?,?,3,3,?,?,2,?,?,?,4,4,?,2,4,3,?,?,?,4,4,3,?,3,4,?,?,2,?,?,1,?,4,?,1,?,4,3,4,4,?,5,?,?,3,4,4,?,?,?,?,3,4,3,3,4,4,1,?,?,?,?,?,4,2,?,3,?,?,1,4,?,?,3,?,?,?,3,?,4,?,3,?,?,5,?,?,2,4,2,?,?,2,?,3,?,?,3,?,2,5,3,?,?,1,4,?,?,4,?,1,4,?,?,2,?,3,2,3,?,?,?,?,?,3,3,?,?,?,2,?,4,?,3,4,4,?,?,3,?,?,5,?,2,?,3,?,2,?,3,?,?,3,4,?,4,?,2,?,3,3,1,3,?,4,?,2,3,?,4,3,?,4,2,2,3,4,?,3,3,?,?,2,?,?,3,4,4,?,4,2,2,3,4,4,?,?,?,5,2,?,?,5,?,2,4,?,1,3,3,2,3,4,1,4,4,?,?,?,3,?,1,4,?,?,5,?,?,?,4,?,4,?,?,3,5,?,?,3,3,2,?,?,5,3,?,?,4,?,1,?,?,3,3,?,?,3,3,1,4,?,?,?,?,?,?,?,1,4,?,?,?,?,3,?,5,1,?,?,?,?,1,?,?,?,2,?,?,5,2,3,?,5,?,?,?,?,?,2,4,?,?,2,4,4,4,?,?,?,?,?,3,1,?,?,4,?,3,?,5,?,?,?,?,?,2,?,4,4,?,?,?,?,3,?,5,2,?,?,4,?,2,5,4,3,?,4,?,?,?,?,?,4,2,5,?,?,1,4,?,?,4,5,2,?,?,?,1,2,?,5,2,3,?,?,4,?,3,?,3,?,3,?,4,?,3,?,3,4,?,3,1,?,4,?,4,1,2,4,4,3,?,2,?,?,4,?,?,4,?,?,3,3,3,?,2,3,4,5,?,2,3,4,?,?,3,3,?,1,?,?,3,?,?,?,?,?,3,?,3,4,?,?,?,4,5,?,?,1,3,?,4,?,?,?,2,?,1,1,3,?,3,4,4,?,3,?,2,3,?,1,?,?,?,3,?,?,?,?,?,2,?,?,?,?,?,1,3,4,3,4,4,?,1,?,?,?,?,3,4,5,?,?,3,?,?,2,4,4,?,4,?,1,5,4,?,4,2,?,3,2,1,?,?,?,4,3,?,1,?,1,5,?,3,?,3,3,3,?,4,3,4,3,?,?,4,3,?,3,?,?,?,?,5,?,4,?,2,3,3,?,3,1,2,2,3,3,?,5,?,4,3,4,?,3,?,2,3,?,3,?,?,?,?,4,4,?,4,5,?,1,4,5,3,3,?,?,?,3,?,?,3,4,3,?,?,?,?,4,4,3,?,?,1,2,?,?,4,2,3,3,3,?,4,?,4,?,4,3,?,2,?,3,2,?,4,3,5,4,?,2,4,?,3,2,1,?,3,?,?,?,4,?,3,2,?,?,?,?,?,2,4,?,3,5,?,3,?,?,5,5,?,3,?,?,3,?,2,?,?,?,3,4,4,?,1,?,?,?,?,5,3,1,3,3,?,4,?,3,3,3,2,3,?,5,?,?,3,3,?,?,3,5,4,?,5,1,?,?,5,?,5,4,5,1,?,?,5,4,?,?,?,4,?,3,3,4,4,4,?,2,3,4,4,?,3,3,?,4,?,?,?,?,?,?,2,?,3,?,5,?,5,?,?,2,2,?,4,3,?,3,2,3,?,4,4,4,?,3,?,3,?,?,3,4,?,2,4,?,?,3,4,3,4,?,?,?,?,5,?,3,?,?,?,3,?,4,?,3,?,?,4,3,2,?,?,3,?,4,?,3,?,?,?,?,?,?,?,?,?,3,?,4,4,4,?,?,3,5,?,?,?,?,?,?,?,?,3,1,?,?,4,4,?,?
300|Air Force One (1997),?,4,2,5,?,?,4,?,?,?,3,4,1,?,4,5,?,?,?,?,3,?,?,4,?,4,?,?,3,?,?,?,4,?,5,?,?,?,3,3,?,?,5,?,?,3,?,?,1,?,?,?,?,?,?,4,?,4,?,?,5,?,4,3,?,5,?,?,3,4,?,?,?,3,?,?,?,?,?,?,?,?,3,4,3,3,3,3,?,3,4,?,?,?,?,?,?,?,4,4,?,3,3,3,?,?,1,?,?,3,?,4,3,?,?,3,?,?,5,?,3,?,?,?,5,4,5,5,3,5,?,?,3,3,?,?,5,?,?,?,5,?,?,3,3,3,?,?,3,?,4,?,?,?,2,?,?,?,?,?,?,?,3,5,?,5,?,5,5,5,?,?,4,?,?,?,2,5,4,?,3,?,?,?,?,5,4,4,?,4,4,?,4,?,3,?,4,2,?,?,?,?,?,3,3,1,?,?,?,4,2,?,?,?,3,?,4,?,?,5,?,5,3,4,?,?,?,?,2,?,4,?,?,3,?,?,?,4,1,3,4,?,?,?,4,?,2,?,4,?,4,4,4,?,3,?,?,5,?,3,5,?,3,?,5,?,?,?,?,?,2,?,?,5,4,4,?,?,?,?,4,3,?,3,4,?,?,5,?,?,?,4,2,4,?,?,3,?,4,4,4,?,1,5,3,?,?,?,3,?,4,?,4,?,?,?,4,?,?,4,?,?,2,5,?,?,2,5,4,?,?,5,4,3,5,?,?,?,?,?,?,?,?,?,3,5,5,?,?,?,5,?,3,?,4,3,?,?,?,?,?,5,?,?,?,?,?,?,?,?,?,?,?,?,4,?,?,4,3,3,?,?,?,4,?,?,?,4,3,5,2,2,?,?,3,3,?,?,?,4,?,?,?,4,?,?,?,3,3,3,?,?,4,4,?,4,?,3,4,?,?,?,3,2,2,?,4,5,3,3,4,4,3,?,2,?,?,4,4,3,3,?,?,4,1,3,4,?,?,4,4,?,?,4,4,?,?,?,4,?,?,5,?,4,3,3,?,?,?,?,?,?,?,?,?,5,?,3,2,?,?,?,?,4,?,4,5,4,5,?,?,?,4,5,?,?,3,?,4,4,?,2,?,4,4,3,5,?,3,5,4,?,?,?,5,?,5,3,?,4,3,?,?,?,4,2,?,?,4,?,4,5,4,4,3,?,1,?,?,3,?,?,?,4,?,3,?,5,?,4,4,4,?,?,?,?,4,?,4,?,?,?,?,4,?,?,?,?,3,?,?,4,?,4,?,?,?,4,?,3,?,3,?,?,?,?,4,?,5,?,3,?,?,?,?,4,5,4,?,?,?,3,?,?,2,?,?,1,?,?,5,4,?,?,4,4,?,?,5,3,3,?,?,4,3,?,4,5,4,4,?,?,4,3,3,?,3,?,3,?,?,?,?,5,?,3,4,?,?,?,?,4,4,5,3,2,2,?,?,?,3,?,4,?,?,3,?,4,4,?,?,?,3,3,?,4,5,4,?,?,?,2,3,?,?,?,4,?,5,?,?,4,2,4,1,?,5,4,3,?,3,3,4,2,5,?,?,4,?,3,?,?,2,5,?,5,5,5,2,?,5,3,?,3,4,?,?,?,4,3,?,4,?,?,4,?,?,?,?,4,?,?,4,?,?,?,?,4,4,3,2,3,1,?,4,4,?,2,5,1,?,?,?,?,?,?,4,5,?,5,?,4,?,2,4,?,?,?,3,3,?,4,4,4,?,?,4,5,?,?,5,?,?,?,?,4,2,?,?,4,5,4,3,?,?,?,5,4,4,5,5,5,4,?,?,4,3,2,5,?,?,?,?,?,?,?,3,?,?,?,3,?,?,3,?,?,?,2,?,3,4,?,3,3,?,?,?,?,?,5,?,?,5,?,?,4,3,?,?,4,?,?,5,?,?,1,2,?,?,?,4,5,4,?,3,?,3,?,3,3,?,?,?,1,4,?,?,?,3,?,?,4,?,4,?,2,?,2,?,?,?,4,?,4,4,3,?,3,5,4,?,?,?,?,3,?,?,?,4,3,?,?,?,2,?,3,5,?,?,4,5,?,?,?,4,3,4,3,?,5,4,5,?